{"_type":"export","__export_format":4,"__export_date":"2022-11-05T10:33:15.677Z","__export_source":"insomnia.desktop.app:v2022.6.0","resources":[{"_id":"req_wrk_5d8c9c3d005b473ab3df847c4db4c09a8cc04a31","parentId":"fld_wrk_5d8c9c3d005b473ab3df847c4db4c09a35d0f5fb","modified":1667644384175,"created":1667634801820,"url":"{{ base_url }}/sign_in","name":"Sign In","description":"","method":"POST","body":{"mimeType":"application/json","text":"{\n  \"uid\": \"root\",\n  \"password\": \"123456\"\n}"},"parameters":[],"headers":[{"name":"Content-Type","value":"application/json"}],"authentication":{},"metaSortKey":-1667634801820,"isPrivate":false,"settingStoreCookies":true,"settingSendCookies":true,"settingDisableRenderRequestBody":false,"settingEncodeUrl":true,"settingRebuildPath":true,"settingFollowRedirects":"global","_type":"request"},{"_id":"fld_wrk_5d8c9c3d005b473ab3df847c4db4c09a35d0f5fb","parentId":"wrk_5d8c9c3d005b473ab3df847c4db4c09a","modified":1667634801822,"created":1667634801822,"name":"Auth","description":"Operations about auth","environment":{},"environmentPropertyOrder":null,"metaSortKey":-1667634801822,"_type":"request_group"},{"_id":"wrk_5d8c9c3d005b473ab3df847c4db4c09a","parentId":null,"modified":1667029706091,"created":1667029706091,"name":"base-fiber-api.yaml","description":"","scope":"design","_type":"workspace"},{"_id":"req_wrk_5d8c9c3d005b473ab3df847c4db4c09a05b747b3","parentId":"fld_wrk_5d8c9c3d005b473ab3df847c4db4c09a35d0f5fb","modified":1667641533321,"created":1667634801819,"url":"{{ base_url }}/sign_up","name":"SignUp","description":"","method":"POST","body":{"mimeType":"application/json","text":"{\n  \"first_name\": \"John\",\n  \"last_name\": \"Doe\",\n  \"email\": \"john@email.com\",\n  \"user_name\": \"john\",\n  \"password\": \"john1234\",\n  \"confirm_password\": \"john1234\"\n}"},"parameters":[],"headers":[{"name":"Content-Type","value":"application/json"}],"authentication":{},"metaSortKey":-1667634801819,"isPrivate":false,"settingStoreCookies":true,"settingSendCookies":true,"settingDisableRenderRequestBody":false,"settingEncodeUrl":true,"settingRebuildPath":true,"settingFollowRedirects":"global","_type":"request"},{"_id":"req_wrk_5d8c9c3d005b473ab3df847c4db4c09aec72cecc","parentId":"fld_wrk_5d8c9c3d005b473ab3df847c4db4c09a9f8a2389","modified":1667641362799,"created":1667634801818,"url":"{{ base_url }}/users","name":"Store user","description":"","method":"POST","body":{"mimeType":"application/json","text":"{\n  \"first_name\": \"John\",\n  \"last_name\": \"Doe\",\n  \"email\": \"john@email.com\",\n  \"user_name\": \"john\",\n  \"password\": \"john1234\",\n  \"confirm_password\": \"john1234\"\n}"},"parameters":[],"headers":[{"name":"Content-Type","value":"application/json"}],"authentication":{"type":"bearer","token":"{{bearerToken}}","prefix":""},"metaSortKey":-1667634801818,"isPrivate":false,"settingStoreCookies":true,"settingSendCookies":true,"settingDisableRenderRequestBody":false,"settingEncodeUrl":true,"settingRebuildPath":true,"settingFollowRedirects":"global","_type":"request"},{"_id":"fld_wrk_5d8c9c3d005b473ab3df847c4db4c09a9f8a2389","parentId":"wrk_5d8c9c3d005b473ab3df847c4db4c09a","modified":1667634801821,"created":1667634801821,"name":"User","description":"Operations about user","environment":{},"environmentPropertyOrder":null,"metaSortKey":-1667634801821,"_type":"request_group"},{"_id":"req_wrk_5d8c9c3d005b473ab3df847c4db4c09abb6bd073","parentId":"fld_wrk_5d8c9c3d005b473ab3df847c4db4c09a9f8a2389","modified":1667641345859,"created":1667634801818,"url":"{{ base_url }}/users","name":"List users","description":"","method":"GET","body":{},"parameters":[{"name":"page","disabled":true,"value":"1"},{"name":"per_page","disabled":true,"value":"10"},{"name":"search","disabled":true,"value":"first_name"},{"name":"sort","disabled":true,"value":"id"},{"name":"order","disabled":true,"value":"asc"}],"headers":[],"authentication":{"type":"bearer","token":"{{bearerToken}}","prefix":""},"metaSortKey":-1667634801818,"isPrivate":false,"settingStoreCookies":true,"settingSendCookies":true,"settingDisableRenderRequestBody":false,"settingEncodeUrl":true,"settingRebuildPath":true,"settingFollowRedirects":"global","_type":"request"},{"_id":"req_wrk_5d8c9c3d005b473ab3df847c4db4c09a6ec139fd","parentId":"fld_wrk_5d8c9c3d005b473ab3df847c4db4c09a9f8a2389","modified":1667641036121,"created":1667634801817,"url":"{{ base_url }}/users/{{ userId }}","name":"Get user","description":"","method":"GET","body":{},"parameters":[],"headers":[],"authentication":{"type":"bearer","token":"{{bearerToken}}","prefix":""},"metaSortKey":-1667634801817,"isPrivate":false,"settingStoreCookies":true,"settingSendCookies":true,"settingDisableRenderRequestBody":false,"settingEncodeUrl":true,"settingRebuildPath":true,"settingFollowRedirects":"global","_type":"request"},{"_id":"req_wrk_5d8c9c3d005b473ab3df847c4db4c09aeb7f1eda","parentId":"fld_wrk_5d8c9c3d005b473ab3df847c4db4c09a9f8a2389","modified":1667636305050,"created":1667634801816,"url":"{{ base_url }}/users/{{ userId }}","name":"Edit user","description":"","method":"PUT","body":{"mimeType":"application/json","text":"{\n  \"first_name\": \"John\",\n  \"last_name\": \"Doe\",\n  \"email\": \"john_doe@email.com\",\n  \"user_name\": \"john_doe\"\n}"},"parameters":[],"headers":[{"name":"Content-Type","value":"application/json"}],"authentication":{"type":"bearer","token":"{{bearerToken}}","prefix":""},"metaSortKey":-1667634801816,"isPrivate":false,"settingStoreCookies":true,"settingSendCookies":true,"settingDisableRenderRequestBody":false,"settingEncodeUrl":true,"settingRebuildPath":true,"settingFollowRedirects":"global","_type":"request"},{"_id":"req_wrk_5d8c9c3d005b473ab3df847c4db4c09a7c2042b7","parentId":"fld_wrk_5d8c9c3d005b473ab3df847c4db4c09a9f8a2389","modified":1667634801813,"created":1667634801813,"url":"{{ base_url }}/users/{{ userId }}","name":"Delete user","description":"","method":"DELETE","body":{},"parameters":[],"headers":[],"authentication":{"type":"bearer","token":"{{bearerToken}}","prefix":""},"metaSortKey":-1667634801813,"isPrivate":false,"settingStoreCookies":true,"settingSendCookies":true,"settingDisableRenderRequestBody":false,"settingEncodeUrl":true,"settingRebuildPath":true,"settingFollowRedirects":"global","_type":"request"},{"_id":"req_wrk_5d8c9c3d005b473ab3df847c4db4c09ab87d9769","parentId":"fld_wrk_5d8c9c3d005b473ab3df847c4db4c09ac3f104d1","modified":1667640890267,"created":1667634801812,"url":"{{ base_url }}/roles","name":"List roles","description":"","method":"GET","body":{},"parameters":[{"name":"page","disabled":true,"value":"1"},{"name":"per_page","disabled":true,"value":"10"},{"name":"search","disabled":true,"value":"name"},{"name":"sort","disabled":true,"value":"id"},{"name":"order","disabled":true,"value":"asc"}],"headers":[],"authentication":{"type":"bearer","token":"{{bearerToken}}","prefix":""},"metaSortKey":-1667634801812,"isPrivate":false,"settingStoreCookies":true,"settingSendCookies":true,"settingDisableRenderRequestBody":false,"settingEncodeUrl":true,"settingRebuildPath":true,"settingFollowRedirects":"global","_type":"request"},{"_id":"fld_wrk_5d8c9c3d005b473ab3df847c4db4c09ac3f104d1","parentId":"wrk_5d8c9c3d005b473ab3df847c4db4c09a","modified":1667634801820,"created":1667634801820,"name":"Role","description":"Operations about role","environment":{},"environmentPropertyOrder":null,"metaSortKey":-1667634801820,"_type":"request_group"},{"_id":"req_wrk_5d8c9c3d005b473ab3df847c4db4c09a53adaaa9","parentId":"fld_wrk_5d8c9c3d005b473ab3df847c4db4c09ac3f104d1","modified":1667641712246,"created":1667634801812,"url":"{{ base_url }}/roles","name":"Store role","description":"","method":"POST","body":{"mimeType":"application/json","text":"{\n  \"slug\": \"New Role\",\n  \"description\": \"New Role Description\"\n}"},"parameters":[],"headers":[{"name":"Content-Type","value":"application/json"}],"authentication":{"type":"bearer","token":"{{bearerToken}}","prefix":""},"metaSortKey":-1667634801812,"isPrivate":false,"settingStoreCookies":true,"settingSendCookies":true,"settingDisableRenderRequestBody":false,"settingEncodeUrl":true,"settingRebuildPath":true,"settingFollowRedirects":"global","_type":"request"},{"_id":"req_wrk_5d8c9c3d005b473ab3df847c4db4c09aadd7e5a2","parentId":"fld_wrk_5d8c9c3d005b473ab3df847c4db4c09ac3f104d1","modified":1667634801811,"created":1667634801811,"url":"{{ base_url }}/roles/{{ roleId }}","name":"Get role","description":"","method":"GET","body":{},"parameters":[],"headers":[],"authentication":{"type":"bearer","token":"{{bearerToken}}","prefix":""},"metaSortKey":-1667634801811,"isPrivate":false,"settingStoreCookies":true,"settingSendCookies":true,"settingDisableRenderRequestBody":false,"settingEncodeUrl":true,"settingRebuildPath":true,"settingFollowRedirects":"global","_type":"request"},{"_id":"req_wrk_5d8c9c3d005b473ab3df847c4db4c09a5111b9cf","parentId":"fld_wrk_5d8c9c3d005b473ab3df847c4db4c09ac3f104d1","modified":1667634801811,"created":1667634801811,"url":"{{ base_url }}/roles/{{ roleId }}","name":"Edit role","description":"","method":"PUT","body":{"mimeType":"application/json","text":"{\n  \"slug\": \"Edit Role\",\n  \"description\": \"Edit Role Description\"\n}"},"parameters":[],"headers":[{"name":"Content-Type","value":"application/json"}],"authentication":{"type":"bearer","token":"{{bearerToken}}","prefix":""},"metaSortKey":-1667634801811,"isPrivate":false,"settingStoreCookies":true,"settingSendCookies":true,"settingDisableRenderRequestBody":false,"settingEncodeUrl":true,"settingRebuildPath":true,"settingFollowRedirects":"global","_type":"request"},{"_id":"req_wrk_5d8c9c3d005b473ab3df847c4db4c09a57ad4857","parentId":"fld_wrk_5d8c9c3d005b473ab3df847c4db4c09ac3f104d1","modified":1667634801809,"created":1667634801809,"url":"{{ base_url }}/roles/{{ roleId }}","name":"Delete role","description":"","method":"DELETE","body":{},"parameters":[],"headers":[],"authentication":{"type":"bearer","token":"{{bearerToken}}","prefix":""},"metaSortKey":-1667634801809,"isPrivate":false,"settingStoreCookies":true,"settingSendCookies":true,"settingDisableRenderRequestBody":false,"settingEncodeUrl":true,"settingRebuildPath":true,"settingFollowRedirects":"global","_type":"request"},{"_id":"env_508c0e3f2f9f644aa26604d20949288425ed0e7c","parentId":"wrk_5d8c9c3d005b473ab3df847c4db4c09a","modified":1667038960208,"created":1667029706092,"name":"Base Environment","data":{"base_url":"{{ scheme }}://{{ host }}{{ base_path }}"},"dataPropertyOrder":{"&":["base_url"]},"color":null,"isPrivate":false,"metaSortKey":1667029706092,"_type":"environment"},{"_id":"jar_508c0e3f2f9f644aa26604d20949288425ed0e7c","parentId":"wrk_5d8c9c3d005b473ab3df847c4db4c09a","modified":1667102149225,"created":1667029706093,"name":"Default Jar","cookies":[{"key":"base-fiber-api","value":"eyJhbGciOiJIUzI1NiIsInR5cCI6IkpXVCJ9.eyJleHAiOjE2NjcxODg1NDksImlzcyI6IjU3N2I2NzNjLTUzMjYtNDU0NC04NGE5LWEwMTQ0OTM2NGRhYSJ9.iqSc0MxsKfA3FW-ojBLSP9MaYAG3FbVnx9BERno22hg","expires":"2022-11-06T03:55:49.000Z","domain":"127.0.0.1","path":"/","secure":true,"httpOnly":true,"extensions":["SameSite=Lax"],"hostOnly":true,"creation":"2022-10-30T03:55:39.524Z","lastAccessed":"2022-10-30T03:55:49.225Z","id":"6705173862962295"}],"_type":"cookie_jar"},{"_id":"spc_902efd7885c64cd4af9b4bfa7311aabb","parentId":"wrk_5d8c9c3d005b473ab3df847c4db4c09a","modified":1667644385134,"created":1667029706091,"fileName":"base-fiber-api","contents":"openapi: 3.0.3\ninfo:\n  version: 1.0.0\n  title: Base Fiber API\n  description: 'This is a simple acl API built with Fiber'\n  contact:\n    name: Maia\n    email: gabrielmaialva33@gmail.com\n    url: github.com/gabrielmaialva33\nservers:\n  - url: http://127.0.0.1:3333\npaths:\n  /sign_in:\n    post:\n      tags:\n        - Auth\n      summary: Sign In\n      description: 'Sign in user into the system'\n      operationId: SignInUser\n      requestBody:\n        required: true\n        content:\n          application/json:\n            schema:\n              $ref: '#/components/schemas/SignIn'\n      responses:\n        '200':\n          description: successful operation\n          content:\n            application/json:\n              schema:\n                $ref: '#/components/schemas/SignInSuccess'\n        '400':\n          description: Bad request response\n          content:\n            application/json:\n              schema:\n                $ref: '#/components/schemas/BadRequest'\n        '401':\n          description: Invalid credentials\n          content:\n            application/json:\n              schema:\n                $ref: '#/components/schemas/Unauthorized'\n        '404':\n          description: User not found\n          content:\n            application/json:\n              schema:\n                $ref: '#/components/schemas/NotFound'\n        '422':\n          description: Unprocessable Entity\n          content:\n            application/json:\n              schema:\n                $ref: '#/components/schemas/UnprocessableEntity'\n  /sign_up:\n    post:\n      tags:\n        - Auth\n      summary: SignUp\n      description: 'Sign up user into the system'\n      operationId: SignUpUser\n      requestBody:\n        required: true\n        content:\n          application/json:\n            schema:\n              $ref: '#/components/schemas/SignUp'\n      responses:\n        '201':\n          description: successful operation\n          content:\n            application/json:\n              schema:\n                $ref: '#/components/schemas/SignInSuccess'\n        '400':\n          description: Bad request response\n          content:\n            application/json:\n              schema:\n                $ref: '#/components/schemas/BadRequest'\n        '422':\n          description: Unprocessable Entity\n          content:\n            application/json:\n              schema:\n                $ref: '#/components/schemas/UnprocessableEntity'\n\n  # authorization routes\n  /users:\n    get:\n      tags:\n        - User\n      summary: List users\n      description: 'Get all users from the system'\n      operationId: ListUsers\n      security:\n        - bearerToken: [ ]\n      parameters:\n        - name: page\n          in: query\n          description: Page number\n          required: false\n          schema:\n            type: integer\n            format: int32\n            minimum: 1\n            maximum: 100\n            default: 1\n        - name: per_page\n          in: query\n          description: Number of users per page\n          required: false\n          schema:\n            type: integer\n            format: int32\n            default: 10\n            minimum: 1\n        - name: search\n          in: query\n          description: Search by public user attributes\n          required: false\n          schema:\n            type: string\n            default: 'first_name'\n        - name: sort\n          in: query\n          description: Sort by public user attributes\n          required: false\n          schema:\n            type: string\n            default: 'id'\n        - name: order\n          in: query\n          description: Order by public user attributes\n          required: false\n          schema:\n            type: string\n            default: 'asc'\n      responses:\n        '200':\n          description: successful operation\n          content:\n            application/json:\n              schema:\n                $ref: '#/components/schemas/ListUsers'\n        '400':\n          description: Bad request response\n          content:\n            application/json:\n              schema:\n                $ref: '#/components/schemas/BadRequest'\n    post:\n      tags:\n        - User\n      summary: Store user\n      description: 'Store user into the system'\n      operationId: StoreUser\n      security:\n        - bearerToken: [ ]\n      requestBody:\n        required: true\n        content:\n          application/json:\n            schema:\n              $ref: '#/components/schemas/SignUp'\n      responses:\n        '201':\n          description: successful operation\n          content:\n            application/json:\n              schema:\n                $ref: '#/components/schemas/PublicUser'\n        '400':\n          description: Bad request response\n          content:\n            application/json:\n              schema:\n                $ref: '#/components/schemas/BadRequest'\n        '422':\n          description: Unprocessable Entity\n          content:\n            application/json:\n              schema:\n                $ref: '#/components/schemas/UnprocessableEntity'\n  /users/{userId}:\n    get:\n      tags:\n        - User\n      summary: Get user\n      description: 'Get user by id'\n      operationId: GetUser\n      security:\n        - bearerToken: [ ]\n      parameters:\n        - name: userId\n          in: path\n          description: User id\n          required: true\n          schema:\n            type: string\n            format: uuid\n      responses:\n        '200':\n          description: successful operation\n          content:\n            application/json:\n              schema:\n                $ref: '#/components/schemas/PublicUser'\n        '400':\n          description: Bad request response\n          content:\n            application/json:\n              schema:\n                $ref: '#/components/schemas/BadRequest'\n        '404':\n          description: User not found\n          content:\n            application/json:\n              schema:\n                $ref: '#/components/schemas/NotFound'\n    put:\n      tags:\n        - User\n      summary: Edit user\n      description: 'Edit user by id'\n      operationId: EditUser\n      security:\n        - bearerToken: [ ]\n      parameters:\n        - name: userId\n          in: path\n          description: User id\n          required: true\n          schema:\n            type: string\n            format: uuid\n      requestBody:\n        required: true\n        content:\n          application/json:\n            schema:\n              $ref: '#/components/schemas/EditUser'\n      responses:\n        '200':\n          description: successful operation\n          content:\n            application/json:\n              schema:\n                $ref: '#/components/schemas/PublicUser'\n        '400':\n          description: Bad request response\n          content:\n            application/json:\n              schema:\n                $ref: '#/components/schemas/BadRequest'\n        '404':\n          description: User not found\n          content:\n            application/json:\n              schema:\n                $ref: '#/components/schemas/NotFound'\n        '422':\n          description: Unprocessable Entity\n          content:\n            application/json:\n              schema:\n                $ref: '#/components/schemas/UnprocessableEntity'\n    delete:\n      tags:\n        - User\n      summary: Delete user\n      description: 'Delete user by id'\n      operationId: DeleteUser\n      security:\n        - bearerToken: [ ]\n      parameters:\n        - name: userId\n          in: path\n          description: User id\n          required: true\n          schema:\n            type: string\n            format: uuid\n      responses:\n        '204':\n          description: successful operation\n        '400':\n          description: Bad request response\n          content:\n            application/json:\n              schema:\n                $ref: '#/components/schemas/BadRequest'\n        '404':\n          description: User not found\n          content:\n            application/json:\n              schema:\n                $ref: '#/components/schemas/NotFound'\n\n  /roles:\n    get:\n      tags:\n        - Role\n      summary: List roles\n      description: 'Get all roles from the system'\n      operationId: ListRoles\n      security:\n        - bearerToken: [ ]\n      parameters:\n        - name: page\n          in: query\n          description: Page number\n          required: false\n          schema:\n            type: integer\n            format: int32\n            minimum: 1\n            maximum: 100\n            default: 1\n        - name: per_page\n          in: query\n          description: Number of roles per page\n          required: false\n          schema:\n            type: integer\n            format: int32\n            default: 10\n            minimum: 1\n        - name: search\n          in: query\n          description: Search by public role attributes\n          required: false\n          schema:\n            type: string\n            default: 'name'\n        - name: sort\n          in: query\n          description: Sort by public role attributes\n          required: false\n          schema:\n            type: string\n            default: 'id'\n        - name: order\n          in: query\n          description: Order by public role attributes\n          required: false\n          schema:\n            type: string\n            default: 'asc'\n      responses:\n        '200':\n          description: successful operation\n          content:\n            application/json:\n              schema:\n                $ref: '#/components/schemas/ListRoles'\n        '400':\n          description: Bad request response\n          content:\n            application/json:\n              schema:\n                $ref: '#/components/schemas/BadRequest'\n    post:\n      tags:\n        - Role\n      summary: Store role\n      description: 'Store role into the system'\n      operationId: StoreRole\n      security:\n        - bearerToken: [ ]\n      requestBody:\n        required: true\n        content:\n          application/json:\n            schema:\n              $ref: '#/components/schemas/StoreRole'\n      responses:\n        '201':\n          description: successful operation\n          content:\n            application/json:\n              schema:\n                $ref: '#/components/schemas/PublicRole'\n        '400':\n          description: Bad request response\n          content:\n            application/json:\n              schema:\n                $ref: '#/components/schemas/BadRequest'\n        '422':\n          description: Unprocessable Entity\n          content:\n            application/json:\n              schema:\n                $ref: '#/components/schemas/UnprocessableEntity'\n  /roles/{roleId}:\n    get:\n      tags:\n        - Role\n      summary: Get role\n      description: 'Get role by id'\n      operationId: GetRole\n      security:\n        - bearerToken: [ ]\n      parameters:\n        - name: roleId\n          in: path\n          description: Role id\n          required: true\n          schema:\n            type: string\n            format: uuid\n      responses:\n        '200':\n          description: successful operation\n          content:\n            application/json:\n              schema:\n                $ref: '#/components/schemas/PublicRole'\n        '400':\n          description: Bad request response\n          content:\n            application/json:\n              schema:\n                $ref: '#/components/schemas/BadRequest'\n        '404':\n          description: Role not found\n          content:\n            application/json:\n              schema:\n                $ref: '#/components/schemas/NotFound'\n    put:\n      tags:\n        - Role\n      summary: Edit role\n      description: 'Edit role by id'\n      operationId: EditRole\n      security:\n        - bearerToken: [ ]\n      parameters:\n        - name: roleId\n          in: path\n          description: Role id\n          required: true\n          schema:\n            type: string\n            format: uuid\n      requestBody:\n        required: true\n        content:\n          application/json:\n            schema:\n              $ref: '#/components/schemas/EditRole'\n      responses:\n        '200':\n          description: successful operation\n          content:\n            application/json:\n              schema:\n                $ref: '#/components/schemas/PublicRole'\n        '400':\n          description: Bad request response\n          content:\n            application/json:\n              schema:\n                $ref: '#/components/schemas/BadRequest'\n        '404':\n          description: Role not found\n          content:\n            application/json:\n              schema:\n                $ref: '#/components/schemas/NotFound'\n        '422':\n          description: Unprocessable Entity\n          content:\n            application/json:\n              schema:\n                $ref: '#/components/schemas/UnprocessableEntity'\n    delete:\n      tags:\n        - Role\n      summary: Delete role\n      description: 'Delete role by id'\n      operationId: DeleteRole\n      security:\n        - bearerToken: [ ]\n      parameters:\n        - name: roleId\n          in: path\n          description: Role id\n          required: true\n          schema:\n            type: string\n            format: uuid\n      responses:\n        '204':\n          description: successful operation\n        '400':\n          description: Bad request response\n          content:\n            application/json:\n              schema:\n                $ref: '#/components/schemas/BadRequest'\n        '404':\n          description: Role not found\n          content:\n            application/json:\n              schema:\n                $ref: '#/components/schemas/NotFound'\ntags:\n  - name: Auth\n    description: Operations about auth\n  - name: User\n    description: Operations about user\n  - name: Role\n    description: Operations about role\ncomponents:\n  securitySchemes:\n    bearerToken:\n      type: http\n      scheme: bearer\n      bearerFormat: JWT\n  responses:\n    '200':\n      description: OK\n    '401':\n      description: Unauthorized\n    '422':\n      description: Unprocessable Entity\n    '404':\n      description: Not Found\n  schemas:\n    # Entities\n    PublicUser:\n      type: object\n      properties:\n        id:\n          type: string\n          format: uuid\n        first_name:\n          type: string\n        last_name:\n          type: string\n        email:\n          type: string\n        user_name:\n          type: string\n        roles:\n          type: array\n          items:\n            $ref: '#/components/schemas/PublicRole'\n      example:\n        id: 'bd7661b5-6ea6-49cc-abd8-49f110f4de27'\n        first_name: John\n        last_name: Doe\n        email: john@email.com\n        user_name: john\n        roles:\n          - id: 'b3d6dfdf-e849-4d12-b515-ac5769b4f28e'\n            name: admin\n            description: Admin role\n            created_at: '2020-10-10 10:10:10'\n            updated_at: '2020-10-10 10:10:10'\n    PublicRole:\n      type: object\n      properties:\n        id:\n          type: string\n          format: uuid\n        name:\n          type: string\n        description:\n          type: string\n      example:\n        id: 'f9480b4b-2559-4d82-8a98-703b8f97c9e3'\n        name: Admin\n        description: Admin role\n\n    # Request Body Schemas\n    SignIn:\n      type: object\n      properties:\n        uid:\n          type: string\n        password:\n          type: string\n      example:\n        uid: root\n        password: '123456'\n    SignUp:\n      type: object\n      properties:\n        first_name:\n          type: string\n        last_name:\n          type: string\n        email:\n          type: string\n        user_name:\n          type: string\n        password:\n          type: string\n        confirm_password:\n          type: string\n      required:\n        - first_name\n        - last_name\n        - email\n        - user_name\n        - password\n        - confirm_password\n      example:\n        first_name: John\n        last_name: Doe\n        email: john@email.com\n        user_name: john\n        password: john1234\n        confirm_password: john1234\n    EditUser:\n      type: object\n      properties:\n        first_name:\n          type: string\n        last_name:\n          type: string\n        email:\n          type: string\n        user_name:\n          type: string\n      example:\n        first_name: John\n        last_name: Doe\n        email: john_doe@email.com\n        user_name: john_doe\n    StoreRole:\n      type: object\n      properties:\n        slug:\n          type: string\n        description:\n          type: string\n      required:\n        - slug\n        - description\n      example:\n        slug: New Role\n        description: New Role Description\n    EditRole:\n      type: object\n      properties:\n        slug:\n          type: string\n        description:\n          type: string\n      example:\n        slug: Edit Role\n        description: Edit Role Description\n\n    # Responses Schemas\n    Meta:\n      type: object\n      properties:\n        total:\n          type: number\n          format: int64\n        total_pages:\n          type: number\n          format: int64\n        per_page:\n          type: number\n          format: int64\n        current_page:\n          type: number\n          format: int64\n        search:\n          type: string\n        sort:\n          type: string\n        order:\n          type: string\n      example:\n        total: 1\n        total_pages: 1\n        per_page: 10\n        current_page: 1\n        search: ''\n        sort: 'id'\n        order: 'asc'\n    ListUsers:\n      type: object\n      properties:\n        meta:\n          $ref: '#/components/schemas/Meta'\n        data:\n          type: array\n          items:\n            $ref: '#/components/schemas/PublicUser'\n    ListRoles:\n      type: object\n      properties:\n        meta:\n          $ref: '#/components/schemas/Meta'\n        data:\n          type: array\n          items:\n            $ref: '#/components/schemas/PublicRole'\n\n    # Success Responses\n    SignInSuccess:\n      type: object\n      properties:\n        message:\n          type: string\n        status:\n          type: number\n          format: int64\n        display:\n          type: boolean\n        user:\n          $ref: '#/components/schemas/PublicUser'\n        token:\n          type: string\n      example:\n        display: false\n        message: Login successful\n        status: 200\n        token: token here\n        user:\n          id: 93d7ad22-87e0-41b4-8b90-745bd87fa9af\n          first_name: John\n          last_name: Doe\n          email: john@email.com\n          user_name: john\n          roles:\n            - id: 'f9480b4b-2559-4d82-8a98-703b8f97c9e3'\n              name: admin\n              description: Admin role\n\n    # Errors Responses\n    NotFound:\n      type: object\n      properties:\n        message:\n          type: string\n        status:\n          type: number\n          format: int64\n        error:\n          type: string\n        display:\n          type: boolean\n      example:\n        message: \"User not found\"\n        status: 404\n        error: \"record not found\"\n        display: true\n    BadRequest:\n      type: object\n      properties:\n        message:\n          type: string\n        status:\n          type: number\n          format: int64\n        error:\n          type: string\n        display:\n          type: boolean\n      example:\n        message: \"Error while parsing data\"\n        status: 400\n        error: \"invalid character '}' looking for beginning of object key string\"\n        display: false\n    Unauthorized:\n      type: object\n      properties:\n        message:\n          type: string\n        status:\n          type: number\n          format: int64\n        display:\n          type: boolean\n      example:\n        message: \"Invalid credentials\"\n        status: 401\n        display: true\n    UnprocessableEntity:\n      type: object\n      properties:\n        message:\n          type: string\n        status:\n          type: number\n          format: int64\n        errors:\n          type: array\n          items:\n            type: object\n            properties:\n              failed_field:\n                type: string\n              tag:\n                type: string\n              field:\n                type: string\n              value:\n                type: string\n              param:\n                type: string\n              message:\n                type: string\n        display:\n          type: boolean\n      example:\n        message: \"Validation failed\"\n        status: 422\n        errors:\n          - failed_field: \"email\"\n            tag: \"email\"\n            field: \"email\"\n            value: \"john@email\"\n            param: \"\"\n            message: \"email must be a valid email\"\n        display: true\n\n\n\n","contentType":"yaml","_type":"api_spec"},{"_id":"env_env_508c0e3f2f9f644aa26604d20949288425ed0e7c_sub","parentId":"env_508c0e3f2f9f644aa26604d20949288425ed0e7c","modified":1667100670434,"created":1667038954975,"name":"OpenAPI env","data":{"scheme":"http","base_path":"","host":"127.0.0.1:3333","bearerToken":"{% response 'body', 'req_wrk_5d8c9c3d005b473ab3df847c4db4c09a8cc04a31', 'b64::JC50b2tlbg==::46b', 'never', 60 %}","userId":"{% response 'body', 'req_wrk_5d8c9c3d005b473ab3df847c4db4c09a8cc04a31', 'b64::JC51c2VyLmlk::46b', 'never', 60 %}","roleId":"{% response 'body', 'req_wrk_5d8c9c3d005b473ab3df847c4db4c09ab87d9769', 'b64::JC5kYXRhLjIuaWQ=::46b', 'never', 60 %}"},"dataPropertyOrder":{"&":["scheme","base_path","host","bearerToken","userId","roleId"]},"color":null,"isPrivate":false,"metaSortKey":1667038954975,"_type":"environment"}]}